label,tag
Stellen aus Buchhaltung & Finanzwesen,accounting-finance-jobs
IT-Stellen,it-jobs
Vertriebsstellen,sales-jobs
Kundendienststellen,customer-services-jobs
Technikerstellen,engineering-jobs
Stellen aus Personal & Personalbeschaffung,hr-jobs
Stellen aus Gesundheitswesen & Pflege,healthcare-nursing-jobs
Stellen aus Gastronomie & Catering,hospitality-catering-jobs
"Stellen aus PR, Werbung & Marketing",pr-advertising-marketing-jobs
Stellen aus Logistik & Lagerhaltung,logistics-warehouse-jobs
Lehrberufe,teaching-jobs
Stellen aus Handel & Bau,trade-construction-jobs
Verwaltungsstellen,admin-jobs
Juristische Stellen,legal-jobs
Stellen aus Kreation & Design,creative-design-jobs
Stellen für Hochschulabsolventen,graduate-jobs
Stellen aus Einzelhandel,retail-jobs
Beraterstellen,consultancy-jobs
Stellen aus Fertigung,manufacturing-jobs
Stellen aus Wissenschaft & Qualitätssicherung,scientific-qa-jobs
Stellen aus Sozialarbeit,social-work-jobs
Stellen aus Tourismus,travel-jobs
Stellen aus Versorgungsunternehmen,energy-oil-gas-jobs
Immobilienstellen,property-jobs
Gemeinnützige & ehrenamtliche Stellen,charity-voluntary-jobs
Stellen aus Haushaltshilfen & Reinigung,domestic-help-cleaning-jobs
Stellen aus Wartung,maintenance-jobs
Teilzeitstellen,part-time-jobs
Sonstige/Allgemeine Stellen,other-general-jobs
Unknown,unknown
